{"train_loss": 2.6687149854337546, "_timestamp": 1710763042.053633, "_runtime": 1068.261106967926, "_step": 1}